username, created_at, lng, lat, text
mininocastillo, Fri Jan 29 20:35:25 +0000 2021, -80.132962, 25.816966, @therealchucko üôá‚Äç‚ôÇÔ∏èüôá‚Äç‚ôÇÔ∏èüôá‚Äç‚ôÇÔ∏è 
ChatterlyCat, Fri Jan 29 20:35:26 +0000 2021, -84.539813, 39.137038, @1strongrobin @mcbppa @ZACKHAMMER7 @drini_up @Bentcat700Tx @Woujer @WTFMAGA @meaner_mister @tammymarieyork‚Ä¶ https://t.co/kt8MMaBkbY 
DrRonEvans1, Fri Jan 29 20:35:26 +0000 2021, -92.026353, 34.982698, https://t.co/Pks7jYGPaL 
kevmwatson, Fri Jan 29 20:35:26 +0000 2021, -117.397616, 33.935822, If the pandemic has taught me anything- people need a refresher on digital etiquette and the use of CC in email com‚Ä¶ https://t.co/0MwdsQvOTQ 
JonathanLovesUs, Fri Jan 29 20:35:26 +0000 2021, -71.103453, 42.118578, @darrenrovell Good. 
hoyty, Fri Jan 29 20:35:26 +0000 2021, -122.035069, 47.608120, @AndyRivMSFT @jarwidmark @MMelkersen @narkissit But you can‚Äôt have a MCC server without a CM-DP right? That functio‚Ä¶ https://t.co/S1XTiwXgVK 
Russo4Ohio, Fri Jan 29 20:35:26 +0000 2021, -83.073184, 40.026596, ‚¨áÔ∏è‚¨áÔ∏è‚¨áÔ∏èJust some of the great info shared today in our @OHChildCaucus kickoff meeting. You can watch the entire pres‚Ä¶ https://t.co/UI2q1UiBPP 
webcurtpsu, Fri Jan 29 20:35:26 +0000 2021, -78.215887, 40.892973, @alexisjreports My life story. 
DebsWombat, Fri Jan 29 20:35:26 +0000 2021, -122.818486, 49.111519, @Sparks3rdCoast @duckbozard @JZ_Flair Hey, that's a friendly moustache! 
mikesarzo, Fri Jan 29 20:35:27 +0000 2021, -76.934487, 38.996971, @ArtistAJ17 Great news! 
SeanCreechMS, Fri Jan 29 20:35:26 +0000 2021, -81.072369, 29.187322, Driver change practice  - nice handoff between @barbosaracing and Lance Willsey!#IMSA l #Rolex24 https://t.co/qjIFVxAVJe 
coachVargas31, Fri Jan 29 20:35:27 +0000 2021, -117.998733, 33.692542, @ChrisJRoemer @klhoops ü§¶üèΩ‚Äç‚ôÇÔ∏èü§¶üèΩ‚Äç‚ôÇÔ∏è 
SisterAngelaMa1, Fri Jan 29 20:35:27 +0000 2021, -88.240004, 42.981638, https://t.co/RAcyofT5kP 
LifeTakingFoxy, Fri Jan 29 20:35:27 +0000 2021, -79.861034, 35.170499, https://t.co/iulfGPfshv#free #TradingCards #mtg #MagicTheGathering #YouTubers #support 
nunya_1961, Fri Jan 29 20:35:27 +0000 2021, -95.770195, 36.039305, @noneofyours99 LOL 
somnamusic, Fri Jan 29 20:35:27 +0000 2021, -123.130836, 49.174242, My first single of 2021 is out now‚ÄºÔ∏è I‚Äôve teamed up with @DJAndyMoor &amp; @LinneyOfficial for ‚ÄúMore Than Love‚Äù üíúIt‚Äôs‚Ä¶ https://t.co/tDwc3WuSrN 
RockHomestead, Fri Jan 29 20:35:27 +0000 2021, -123.398730, 47.011463, Check out our YouTube channel.‚ô•Ô∏èPlease consider subscribing (its absolutely free). üôèüèø If already subscribed, th‚Ä¶ https://t.co/KesZ5ilj6L 
WavyMcGrady_, Fri Jan 29 20:35:27 +0000 2021, -95.275990, 29.424824, @ColbyDineroLive Ron Burgundy ü§£ 
KNOXList, Fri Jan 29 20:35:27 +0000 2021, -80.846785, 35.209059, @recklessgman I see.....we need it there the MOST though 
GabeNiles, Fri Jan 29 20:35:27 +0000 2021, -76.255686, 36.895082, @RealDannyOcean @__vivianrose Lol impossible 
KRBangerter, Fri Jan 29 20:35:27 +0000 2021, -100.044748, 37.781838, https://t.co/2HzNPE18yh 
ExsBextFriendxx, Fri Jan 29 20:35:28 +0000 2021, -112.321276, 34.617647, @LettersfromEST @FallonAlexa27 And Play This When I'm Gone 
BigLaurelBeast, Fri Jan 29 20:35:28 +0000 2021, -82.388215, 36.344741, @RussellOkung #KeepPounding #KeepBitcoin https://t.co/R0ZlgayCPO 
A_Red_Skin, Fri Jan 29 20:35:28 +0000 2021, -106.632718, 35.117002, @anna0322 @RsnowAllpro @AOC https://t.co/8sl9l6Lw9D 
sharell_marquis, Fri Jan 29 20:35:28 +0000 2021, -97.135638, 32.701850, Chile I‚Äôm tired of pretending like I‚Äôm working hell..5pm me please!! üò´üò´ 
MusicIsEuphoria, Fri Jan 29 20:35:28 +0000 2021, -77.604684, 41.117936, @THEYCALLM3SLAY You‚Äôre god tier to me, period. The sincerity is very real, not hyperbole in the slightest. ‚ù§Ô∏è 
Clarkolardo11, Fri Jan 29 20:35:28 +0000 2021, -76.021152, 42.128166, I say if these politicians that we pay, can't agree on the stimulus. Then let America open up or they don't get pai‚Ä¶ https://t.co/6HMK9nKO1P 
the_musser, Fri Jan 29 20:35:28 +0000 2021, -123.123581, 49.257639, @nevoitbien Well, with something https://t.co/6m1r5vCS37 
jkaufmanconsult, Fri Jan 29 20:35:28 +0000 2021, -73.337097, 40.803076, @JimIrsay https://t.co/fsyyLmW8Yl 
phillipshomes, Fri Jan 29 20:35:28 +0000 2021, -115.038337, 36.006256, üî•NO HOA! Pool Home for a Low Price!Call/Textüì≤ 702-355-3922Dave PhillipsGLVAR Lic. # S.0173049Signature Real E‚Ä¶ https://t.co/aAlU1bLN3u 
WATimbersFC, Fri Jan 29 20:35:28 +0000 2021, -122.588975, 45.630589, @clarkwsoc Thank you üòä 
breannablh, Fri Jan 29 20:35:28 +0000 2021, -118.036983, 33.818910, The problem is....I dont care anymore. I wish I did then I‚Äôd know we‚Äôd know its real 
lynnannegibson1, Fri Jan 29 20:35:28 +0000 2021, -73.872332, 41.537847, Grade 4 Ss demonstrating energy transfer! They had a blast turning their ideas into reality and experimenting with‚Ä¶ https://t.co/W3M76BlX23 
SunnySav_, Fri Jan 29 20:35:28 +0000 2021, -81.705467, 41.495940, the term "grass tops" is so fucking stupid. not as bad as the libs that use it tho üòí 
AssBruiserLV, Fri Jan 29 20:35:28 +0000 2021, -115.135165, 36.060964, @kimberlycha79 I win I win! 
patrick310, Fri Jan 29 20:35:28 +0000 2021, -118.244500, 34.056400, Old sketches from art school. Portrait of the model. 15 minute sketch. Charcoal pencil on paper. ......#art‚Ä¶ https://t.co/QiePGVhv9m 
RogueTaurus_, Fri Jan 29 20:35:28 +0000 2021, -80.149173, 26.150368, When they decide to hate on me for whatever reason they can find that day ü•¥ https://t.co/atxMNJ7heF 
JaroschBakery, Fri Jan 29 20:35:29 +0000 2021, -87.987660, 42.026640, When the party theme is Shades of Purple üíúüíúüíú#purplecake #polkadotcake #buttercreamcake #birthdaycake‚Ä¶ https://t.co/dpHWAXOoFN 
DynamicRealtors, Fri Jan 29 20:35:28 +0000 2021, -121.931927, 37.923502, I am looking for a buyer for 554 Mount Olivet Place #Clayton #CA  #realestate https://t.co/b45TtS3nod https://t.co/hCI4FQX4bE 
Sensei_Don_Pat, Fri Jan 29 20:35:29 +0000 2021, -95.369400, 29.760200, Repost from @tam519‚Ä¢ü§∑üèæ‚Äç‚ôÇÔ∏èü§¶üèæ‚Äç‚ôÇÔ∏èüôÖüèæ‚Äç‚ôÇÔ∏èüò¨ü§®üëÄüòÇ @ Houston, Texas https://t.co/w9YlZYl7sm 
itgrlmani, Fri Jan 29 20:35:29 +0000 2021, -92.701944, 32.527726, lmfaoooo listening to city girls cause i had to turn myself up 
Cativelense, Fri Jan 29 20:35:29 +0000 2021, -73.396371, 41.467370, Um gajo sai do sof√° uns minutos, e quando volta j√° estamos a levar na peida.Arre foda-se.#SportingCP#BasquetebolSCP 
_JohnBeChillin, Fri Jan 29 20:35:29 +0000 2021, -96.734900, 33.061243, @lonelyUPhere Demons. 
Heck985, Fri Jan 29 20:35:29 +0000 2021, -118.239388, 33.925076, Essential. Ready to Rock!!üòé https://t.co/yzfwFaLjBc 
PerhapsWyatt, Fri Jan 29 20:35:29 +0000 2021, -84.853542, 38.187468, This was targeted directly at me.   I didn‚Äôt get my Bernie sticker until I was laid off in May 
Kramis4GT, Fri Jan 29 20:35:29 +0000 2021, -83.173867, 32.678207, Guessing Antifa will be nominated shortly.                                        https://t.co/1ZGDrtTeo8 
Just__Marcella, Fri Jan 29 20:35:29 +0000 2021, -84.230650, 33.526882, @thehotgirlcoach HELLO!!!! Literally why I‚Äôm over here trying to figure out how I‚Äôm about to make more 
zaiadore, Fri Jan 29 20:35:30 +0000 2021, -118.411907, 34.020789, @NaeeTheHaitian_ Lol Girl u gon be so over it..üò≠ 
evansinco, Fri Jan 29 20:35:29 +0000 2021, -106.362797, 39.624827, @zzbenz One Eyed Willie https://t.co/zwZNgDtSX3 
traviesaid_, Fri Jan 29 20:35:30 +0000 2021, -78.764632, 43.009117, On a ZOOM meeting and running errands.#FDK 
sdh7779, Fri Jan 29 20:35:30 +0000 2021, -80.926628, 33.631140, @JayRob_7 Blessings to you and your family. 
JorgeFlash2012, Fri Jan 29 20:35:30 +0000 2021, -95.446486, 29.838495, Idc if people think @chanelwestcoast laugh is annoying, I genuinely feel she‚Äôs a nice girl and would legit love to‚Ä¶ https://t.co/246gvjORGD 
jshpsu93, Fri Jan 29 20:35:30 +0000 2021, -77.604684, 41.117936, Hahaha great answer! 
YungTeKu2145, Fri Jan 29 20:35:30 +0000 2021, -82.985772, 39.994684, The final fight for p4G and p5R but avoiding spoilers on that sooooo I‚Äôll say... the last fight of indivisible. The‚Ä¶ https://t.co/QKR3XMJ9sT 
juli_milan, Fri Jan 29 20:35:30 +0000 2021, -83.804475, 27.698682, https://t.co/4KFzYle4RE 
livi_piggy, Fri Jan 29 20:35:30 +0000 2021, -95.446486, 29.838495, THAT MIMOSA HIT IM GONNA üò¥ 
musgrove_mark, Fri Jan 29 20:35:30 +0000 2021, -80.069741, 44.540789, I can‚Äôt tell you how wonderful it is to see our govt really step up against the virus. 11 months too late but here‚Ä¶ https://t.co/xlSYe0kX2u 
CliffTheSav, Fri Jan 29 20:35:30 +0000 2021, -122.296489, 47.442583, I don't say names cause haters don't get promo God won't allow me to give them any glory 
SuperGimp1, Fri Jan 29 20:35:30 +0000 2021, -89.876449, 32.571032, @BarstoolBigCat Pump and dumping will catch up with you. 
Casually_Allure, Fri Jan 29 20:35:30 +0000 2021, -75.117998, 40.004866, @QueenChicknhead 2 black sups. The rest give maga teas 
RandallTeagan, Fri Jan 29 20:35:31 +0000 2021, -82.573675, 27.473975, Let's goüèà..Let's get itüí™üèΩ..Tomorrow night at Bradenton Christian..@Next_level_z https://t.co/XiaOWv3H1b 
test5f1798, Fri Jan 29 20:35:31 +0000 2021, -80.050540, 40.431347, near bsgstblender: 373fbd12-dc76-49b7-8442-09dd7e1c036f 
larrybeyah, Fri Jan 29 20:35:31 +0000 2021, -73.639410, 41.050217, @TheAliaJanine I said give me another chance damn @TheAliaJanine üòòü•∞ https://t.co/jOQMKfhf9n 
mem65ree, Fri Jan 29 20:35:31 +0000 2021, -71.444080, 42.971199, @MichelobULTRA https://t.co/C3sgodQRX4 
ddybanez1, Fri Jan 29 20:35:31 +0000 2021, -97.861883, 27.500593, ‚ú®NEW VIDEO POSTED‚ú®SONG ASSOCIATION GAME https://t.co/Vji0wT3jEO via @YouTube 
LadiesLoveLauny, Fri Jan 29 20:35:31 +0000 2021, -157.799589, 21.319944, @iamwhitneyAllen My God is the best üôèüèæ 
dfeltner11, Fri Jan 29 20:35:31 +0000 2021, -84.361532, 39.506104, @opinion_mario @JillFano2 Glad to join! 
KoskMeg, Fri Jan 29 20:35:31 +0000 2021, -120.664965, 35.274809, Downtown opens back up tonight... https://t.co/E8INMtq7F2 
RogerVolcano52, Fri Jan 29 20:35:31 +0000 2021, -166.599693, 23.691364, @BCOOL333 https://t.co/085jKbWDtk 
Christi28040764, Fri Jan 29 20:35:31 +0000 2021, -90.247824, 38.653771, @Goss30Goss Not if it's left to the Republicans. They see these 2 as rising stars. Liz Cheney, however refuses to p‚Ä¶ https://t.co/CaUbtVowWT 
SAEatUNI, Fri Jan 29 20:35:31 +0000 2021, -92.458264, 42.517026, Here‚Äôs the 2021 Spring Rush Schedule!    It will be a lot of fun &amp; we can‚Äôt wait to meet the potential new members!‚Ä¶ https://t.co/EzeQDuv16u 
lilwasian_, Fri Jan 29 20:35:32 +0000 2021, -76.148999, 39.497703, Depression is real so don‚Äôt feed someone more  who is trying to fight those battles 
tz4747, Fri Jan 29 20:35:32 +0000 2021, -82.669467, 40.365160, https://t.co/EAk41T6f5V 
butchabernathy1, Fri Jan 29 20:35:32 +0000 2021, -83.542508, 34.564940, @CoriBush I‚Äôm glad you fill that way it‚Äôs a dam shame when people can‚Äôt talk anymore 
Jordan__takeoff, Fri Jan 29 20:35:32 +0000 2021, -75.770041, 42.746617, Lol man. 
ROMESMODERNLIFE, Fri Jan 29 20:35:32 +0000 2021, -122.228685, 37.791994, @alpacaferris @D_EV_i_N @therevvshow @smimblor this nigga the troll patrol, you definitely need to explain yo way into some bitches bro. 
Your_Guy_Nix, Fri Jan 29 20:35:32 +0000 2021, -94.731341, 32.503280, Good Luck! ü§£ü§£ü§£ 
heidikimurart, Fri Jan 29 20:35:32 +0000 2021, -74.006400, 40.714200, New York, New York„Å´ÂãïÁîª„ÇíÊäïÁ®ø„Åó„Åæ„Åó„Åühttps://t.co/gUKxdl2qLf 
NNPW_, Fri Jan 29 20:35:32 +0000 2021, -90.011008, 29.982601, @IM_UR_MANNEQUIN It‚Äôs possible 
DGCareers, Fri Jan 29 20:35:32 +0000 2021, -84.615939, 38.850115, Can you recommend anyone for this job in #Walton, KY? https://t.co/6kMkBOwFn1 #supervisor 
____ase____, Fri Jan 29 20:35:32 +0000 2021, -87.732013, 41.833585, I be on this pole more than I thought.. I need another device that plays music though so I can record myself at the same time.. 
deliaroma8, Fri Jan 29 20:35:33 +0000 2021, -97.978221, 30.355857, The trainer head Chris knew that I would come today, he came to look at me!!! 
Izzyalright, Fri Jan 29 20:35:33 +0000 2021, -79.420865, 38.003376, I‚Äôll be RTing everyone‚Äôs work because artists gotta support eachother :) 
_TheRealKfrank, Fri Jan 29 20:35:33 +0000 2021, -80.149173, 26.150368, Fridayüòé 
caliman4life63, Fri Jan 29 20:35:32 +0000 2021, -81.367773, 28.501678, @KingKRoolG @hound_liberty @JLPtalk Wrong again genius, the peaceful transition of power, it's been what 100 years‚Ä¶ https://t.co/LRUFCX3lmE 
shaunmartinez, Fri Jan 29 20:35:33 +0000 2021, -117.104989, 32.810012, Let‚Äôs go @LASmogGuy @AgelidisYasmine @Earthjustice @Teamsters @SierraClub @Yassi_lovely no significant impact my a*‚Ä¶ https://t.co/rPVvcbPE7G 
DazeyRoxx, Fri Jan 29 20:35:33 +0000 2021, -87.665853, 41.902397, Give the Hedge Funds a $600 stimulus check. That should fix everything 
yoour_ex, Fri Jan 29 20:35:33 +0000 2021, -121.641268, 36.689149, Any headset anyone recommends? It‚Äôs time to upgrade 
Watch_XMeX, Fri Jan 29 20:35:33 +0000 2021, -81.800579, 32.440511, üëÄ 
Aceboomkoon, Fri Jan 29 20:35:33 +0000 2021, -89.041554, 36.425302, @RepMTG @JoeBiden You need to be removed from office @RepMTG 
Fonsecashow, Fri Jan 29 20:35:34 +0000 2021, -122.419000, 37.779300, #cobra !!! Thank you üôè #hasbro #hasbrotoys #collectibles #fonseca #fonsecashow #aaronfonseca_official #gijoe‚Ä¶ https://t.co/q3XrYVNQGn 
Angeles_W, Fri Jan 29 20:35:34 +0000 2021, -82.063185, 33.440717, Same 
Okochable, Fri Jan 29 20:35:33 +0000 2021, -118.156711, 33.809172, My body different üó£ https://t.co/kTKp2zOcv6 
AffinityPerry, Fri Jan 29 20:35:34 +0000 2021, -88.952299, 42.773592, https://t.co/SyX8d0K1LB 
Deacon_DWil, Fri Jan 29 20:35:34 +0000 2021, -87.876758, 42.533542, @whatDfuckEver She might be on to something 
RobRamos, Fri Jan 29 20:35:34 +0000 2021, -73.831187, 40.670879, @Young_Jaerich Hot üî• 
JaimeCota17, Fri Jan 29 20:35:34 +0000 2021, -111.498181, 28.969863, Viven en el futuro los de un carwash por la reforma que tienen sala de espera con √°rea de comida y un √°rea de barberia. 
mgreek_gypsy, Fri Jan 29 20:35:34 +0000 2021, -122.160767, 47.450625, @kylegriffin1 Ok, this made me tear up. 
StreakFast, Fri Jan 29 20:35:34 +0000 2021, -85.722346, 38.195555, @howlettthemoon *duh lol 
DocDavePerez, Fri Jan 29 20:35:34 +0000 2021, -73.948775, 40.655138, @anet2111 Liar not tied to reality 
king_lewis7, Fri Jan 29 20:35:34 +0000 2021, -86.791549, 36.200008, Cranes dot the skyline üèô 
LarryCotten8, Fri Jan 29 20:35:34 +0000 2021, -94.342435, 35.450688, Hahaha 
Eroswole_, Fri Jan 29 20:35:34 +0000 2021, -80.122355, 26.301198, @NickMedina1990 ‚ÄúBuy the dip‚Äù 
sierracallwood, Fri Jan 29 20:35:34 +0000 2021, -80.162128, 25.985174, @kiddiemenu @ebonytheory Also co-sign this, I loved naruse, lots of south Asian, native, Pacific Islander literature 
MoCityNooNy, Fri Jan 29 20:35:34 +0000 2021, -95.369400, 29.760200, Yes indeed (.Y.) @ Houston, Texas https://t.co/0ovGt0rPfA 
Jonmicol, Fri Jan 29 20:35:34 +0000 2021, -71.088712, 42.313670, @karaiguasu2 @JennyRogers1310 Un uber de ayuda psicol√≥gica tu dice? Ahi hay una idea millonaria. 
CHRISPYMILLZA, Fri Jan 29 20:35:34 +0000 2021, -86.270540, 45.001180, Vegas baby! 
Stormy1971, Fri Jan 29 20:35:34 +0000 2021, -79.861034, 35.170499, @pulte My cousin's house burned and they lost everything including their pets any help would go to them 
CanaanSZ, Fri Jan 29 20:35:34 +0000 2021, -74.209999, 40.824905, In fairness $40 buys a lot of tendies 
AnarchoMael, Fri Jan 29 20:35:34 +0000 2021, -122.330602, 47.614817, @noahvbuckley @lindafarza @Badgirlsbedhead Lol, I just posted that 
CoxRyan89, Fri Jan 29 20:35:35 +0000 2021, -87.916291, 42.432480, @ChiSoxFanJuan Same bro! 
collinzollman16, Fri Jan 29 20:35:35 +0000 2021, -85.777663, 38.418530, @USLMemes @LouCityLadies @USLBPA @XdevinCombsx 
DJDASHNYC, Fri Jan 29 20:35:35 +0000 2021, -74.417965, 41.434106, Retweet every time I see this video ü§£ü§£ 
dogukancolakk, Fri Jan 29 20:35:35 +0000 2021, -86.791549, 36.200008, @uzay_evrensel @serhanerke @mmostafa_11 sakƒ±n girme ≈üikeye sakƒ±n :D √∂pt√ºm hepinizi ü§ù 
jakeABshayne, Fri Jan 29 20:35:35 +0000 2021, -78.853563, 42.896230, So what do we think?? https://t.co/4x6HSkJpmR 
MikeDurazo, Fri Jan 29 20:35:35 +0000 2021, -111.937001, 40.590687, Just posted a video @ Septem Corp https://t.co/OVTJVPHAj7 
_CAMT23_, Fri Jan 29 20:35:35 +0000 2021, -95.446486, 29.838495, Kanye and cudi at the cemetery Kids see ghosts 
sinnamonruthann, Fri Jan 29 20:35:35 +0000 2021, -109.688357, 48.543166, @K9Sid That's awesome they are changing it. I'd pick Spiders...the mascot would definitely be different but cool at the same time. üëèüëèüëè 
RichardMonae, Fri Jan 29 20:35:35 +0000 2021, -82.669467, 40.365160, A weird trope I noticed in Supernatural and now it annoys tf out of me: WHY tf does Sam and Dean randomly yell each‚Ä¶ https://t.co/AkJrgT095U 
KennyTheKidCool, Fri Jan 29 20:35:35 +0000 2021, -83.804475, 27.698682, Lmao I like this 
MeijerJobs, Fri Jan 29 20:35:35 +0000 2021, -83.184515, 42.190428, Want to work at Meijer? We're hiring in #Southgate, MI! Click for details: https://t.co/Tm4ZuqOmA9 #Retail 
pentimenthoe, Fri Jan 29 20:35:36 +0000 2021, -81.367773, 28.501678, Thinking about them https://t.co/UaXduipJI0 
c_elam4, Fri Jan 29 20:35:36 +0000 2021, -84.439293, 39.402311, $Doge #DogecoinToTheMoon üöÄ üåô 
tshedzom, Fri Jan 29 20:35:36 +0000 2021, -95.446486, 29.838495, @AdelesBabyDaddy ü§£ü§£ü§£ü§£ 
KarenVeronicaE, Fri Jan 29 20:35:36 +0000 2021, -74.527151, 40.924625, @billritter7 https://t.co/Psee9rAHxg 
Youngg_Savvy, Fri Jan 29 20:35:36 +0000 2021, -80.263517, 26.124507, I never ask my dawgs for money back that I lend out..... just put that shit in the air when we link. 
_miss_jasmine_, Fri Jan 29 20:35:36 +0000 2021, -82.985772, 39.994684, Survived another week in the pit of despair. 
lexyyyylex, Fri Jan 29 20:35:37 +0000 2021, -118.411907, 34.020789, @HerSheGrace i tried that shit so lame 
thekaralea, Fri Jan 29 20:35:37 +0000 2021, -79.272570, 43.629311, Solved trying to get 5k pairs of eclipse glasses out to the community in a work from situation so now I get beer and nachos tonight. ‚úåÔ∏è‚úåÔ∏è 
drcynthiagyamfi, Fri Jan 29 20:35:36 +0000 2021, -73.968542, 40.780709, Our very own #DrRussMiller moderating the #ultrasound session @MySMFM #SMFM21 @ColumbiaWomens https://t.co/e5yNPaIru1 
TapistryBrewing, Fri Jan 29 20:35:37 +0000 2021, -86.555846, 41.942778, It's the weekend and time to get your cans!  We're stocked up and ready for your takeout orders and favorite craft‚Ä¶ https://t.co/IRgwNZHc5N 
TheThomasABrown, Fri Jan 29 20:35:37 +0000 2021, -88.821688, 33.456504, Playoff Mentalityüòàüòàüòà link in bio https://t.co/QSu9lE27a1 
CameronLynch50, Fri Jan 29 20:35:37 +0000 2021, -82.442694, 27.996595, @JimTrotter_NFL @wyche89 @samrap10 ‚úäüèæ 
crystalpcomedy, Fri Jan 29 20:35:37 +0000 2021, -118.405690, 34.157220, Happy Friday y‚Äôall let‚Äôs it PLUS it‚Äôs raining in LA thank GOD!!!! I love and miss the rain üåß üåß üåß #livelovelaugh‚Ä¶ https://t.co/N03IaE87pn 
darthbills, Fri Jan 29 20:35:37 +0000 2021, -82.534354, 28.483847, Eat the rich and eat the bootlickers too 
GowithjoseR, Fri Jan 29 20:35:37 +0000 2021, -73.831187, 40.670879, @JDRucker @DonaldJTrumpJr https://t.co/37bE8etRSs 
MorganOnAir, Fri Jan 29 20:35:37 +0000 2021, -84.315070, 33.874544, One of my favorite interviews we've done.  Used to do some radio with Tony here in Atlanta.  He is a pro's pro, and‚Ä¶ https://t.co/6NBXCrhf9c 
AlphonsoGuider, Fri Jan 29 20:35:37 +0000 2021, -81.100852, 33.992021, @kkimfans 
coachfeld, Fri Jan 29 20:35:37 +0000 2021, -123.122401, 44.065621, No, but tricep extensions don‚Äôt make you biceps bigger, so it doesn‚Äôt really matter ü§∑üèª‚Äç‚ôÇÔ∏è 
TradeWithNinja, Fri Jan 29 20:35:37 +0000 2021, -73.916991, 41.693233, $250k 
Popeleo17, Fri Jan 29 20:35:37 +0000 2021, -96.989401, 37.230268, @RobinhoodApp just secured 1 billion in investments. I wonder how did that happen ü§î 
_filmspeak, Fri Jan 29 20:35:37 +0000 2021, -74.000761, 40.720756, "The Little Things" probably isn't an awards contender, but focus more on Denzel Washington than the plot, and you'‚Ä¶ https://t.co/dn6PENIlfW 
shenna_brook, Fri Jan 29 20:35:38 +0000 2021, -83.804475, 27.698682, @_jacygray_ @Me üíõüíõ 
Thee_McNasty_, Fri Jan 29 20:35:38 +0000 2021, -77.014398, 38.898603, My WNBA crush tweeted me...TALK TO ME NICELY!! 
Alexof100names, Fri Jan 29 20:35:38 +0000 2021, -88.110264, 41.568604, Doing a special stream for tonight since I'm trying to get back into UMvC3 somewhat and I've taken thr time off wor‚Ä¶ https://t.co/VK7KbffrdF 
greatlife14, Fri Jan 29 20:35:38 +0000 2021, -80.846785, 35.209059, The audacity to tell your best friend personal business 
KarenManzano, Fri Jan 29 20:35:38 +0000 2021, -80.233328, 25.782353, @francisrico580 √ëooo 
AllisonEKenny, Fri Jan 29 20:35:38 +0000 2021, -122.419000, 37.779300, Just posted a photo @ San Francisco, California https://t.co/9HEOzz3HVi 
lddemosthenes, Fri Jan 29 20:35:38 +0000 2021, -82.422508, 34.813459, @CostsofCare @ABIMFoundation @HopkinsMedicine @MedicineUVA @UNC_SOM @save_value @ChrisMoriates @FutureDocs Well done!!! 
kelspluscoffee, Fri Jan 29 20:35:38 +0000 2021, -98.540651, 29.417501, @DiegoATLAW I was just thinking about making some hot cocoa when I saw this tweet. This is clearly a sign that I should. 
OrdellVee, Fri Jan 29 20:35:38 +0000 2021, -93.361321, 46.441861, Applause as Biden withdraws ‚Äòhorrific‚Äô Trump rule attacking social security disability recipients‚Ä¶ https://t.co/oThyH5Uckj 
tr40221, Fri Jan 29 20:35:38 +0000 2021, -77.101999, 38.880845, @_aimeepacheco Congratulations!!!! 
nmbernard, Fri Jan 29 20:35:38 +0000 2021, -78.747369, 42.767702, @Thekidscorner4 Do you have a link? 
guido19702007, Fri Jan 29 20:35:39 +0000 2021, -86.142922, 39.779562, Is that lube?I'm so sorry...har har har... 
Chimaera000, Fri Jan 29 20:35:39 +0000 2021, -120.583402, 44.145437, @TradocDCG @lostmidwestern I bought him a Stetson once but he doesn't like wearing hats either.Or spurs.So. No.‚Ä¶ https://t.co/J9dVkDucWB 
maxperez17, Fri Jan 29 20:35:39 +0000 2021, -121.979527, 37.523645, @MotherJones Who wants to go into her home? These folks are chewing some shit lol 
SavageKayla01, Fri Jan 29 20:35:39 +0000 2021, -85.974467, 31.806558, üêê 
TakedaShingen08, Fri Jan 29 20:35:39 +0000 2021, -83.804475, 27.698682, Tell me once when a peaceful demonstration succeeded in #India after 1947.#India is a violent and autocratic stat‚Ä¶ https://t.co/bafAAVgZpr 
Anna_Paolicelli, Fri Jan 29 20:35:39 +0000 2021, -73.849441, 40.850347, @MLynnJohnsonOP I...I have been here... but I can‚Äôt quite remember where this is. I think Assisi ... based solely on the bricks. 
TomKvichak, Fri Jan 29 20:35:40 +0000 2021, -83.804475, 27.698682, @atensnut Deposited in my account new years day 
DallasGislason, Fri Jan 29 20:35:40 +0000 2021, -123.370838, 48.496225, @TBC_2021 @SIProsperity Excellent questions. It‚Äôs one of the reasons we bring up these long-range statistics becaus‚Ä¶ https://t.co/MZ8bll6pFU 
pepe19lomeli, Fri Jan 29 20:35:40 +0000 2021, -118.436008, 34.288987, @VeganKitty2 @Yunkeroo @ddheruiz @DancesWithPumas @usa_blogs2020 @OneDayAsALion_ @absorbingnosis @snarlyhon‚Ä¶ https://t.co/oX4cipucJ2 
saouderkirk, Fri Jan 29 20:35:40 +0000 2021, -73.766756, 43.066929, @MichelleBee "what keywords should we target in Q2 to grow our organic traffic" 
i_svckk, Fri Jan 29 20:35:40 +0000 2021, -95.446486, 29.838495, @GabrielaAM02 been contemplating on buying one ü§£ my sister tells me it's a game changer bc you can put anything in there 
Shellcamg, Fri Jan 29 20:35:40 +0000 2021, -110.915573, 32.189391, @bebe1969 Hey, those are just basic...congressional candidates should also have a working knowledge of the Constitu‚Ä¶ https://t.co/n0yJ5eHTNw 
Javigbnl_69, Fri Jan 29 20:35:40 +0000 2021, -98.143610, 26.199082, I had never felt this hungover before 
StxrMwahh, Fri Jan 29 20:35:40 +0000 2021, -90.285145, 38.840383, Hella cute üòç 
chrispekreme, Fri Jan 29 20:35:40 +0000 2021, -95.940918, 41.140107, Why are you asking for a mask break when you have your massive shnoze out 
metsfaninCA, Fri Jan 29 20:35:40 +0000 2021, -122.436779, 37.621299, Thank you @BarryBonds for volunteering. I was there fir that shift too. Having worked with @2ndharvest has definite‚Ä¶ https://t.co/W3bOQVFd42 
NA8V8, Fri Jan 29 20:35:40 +0000 2021, -117.017630, 32.769690, ÿ®ŸÜÿßÿ™ Ÿäÿ≥ŸàŸÑŸÅŸàŸÜ ÿ¨ŸÜÿ®ŸÜÿß ŸÇÿßŸÑÿ™ ÿµÿØŸäŸÇÿ™Ÿáÿß ÿ∞ŸÉŸàÿ± ŸÇÿßŸÑÿ™ ŸÑÿßÿ™ŸÇŸàŸÑŸäŸÜ ÿ∞ŸÉŸàÿ± ŸÇŸàŸÑŸä ÿ±ÿ¨ÿßŸÑ ŸÑÿßŸäŸÇŸàŸÖŸàŸÜ ÿπŸÑŸäŸÉüò≠üò≠üò≠üò≠üò≠üò≠üò≠üò≠üò≠ ÿ™ÿ±ÿ®ŸäŸäÿ™ŸÜŸÜŸÜÿßÿß 
Dionysius87, Fri Jan 29 20:35:40 +0000 2021, -71.586415, 43.450089, @super7store How bout Gutcruncher and his "Stratotronic Jet!" Lol! 
Boys7177929395, Fri Jan 29 20:35:41 +0000 2021, -87.322169, 36.550984, @TheJakeChristie Call it like it is: they didn‚Äôt hire him cause they wanted a puppet.And no proud black man is gonna be anyone‚Äôs slave. 
MRHAirbrushing, Fri Jan 29 20:35:40 +0000 2021, -112.544241, 46.008455, A peak at what is going on the other side of the two sided metal panel!!  üòç @ 59701 https://t.co/e3o0XvDh5f 
tochiro_mifune, Fri Jan 29 20:35:40 +0000 2021, -106.568008, 31.452274, https://t.co/crBlwrqF37 
gqsmhoov, Fri Jan 29 20:35:41 +0000 2021, -82.904539, 40.060874, We Want All üí®üí®üíØ #snl4lüíô #FreeEliüîì #4ebjüïä @ North Columbus, Columbus https://t.co/NUKJszDe9U 
metameredith, Fri Jan 29 20:35:41 +0000 2021, -77.014398, 38.898603, Good week for the mansplainers in group texts. #gamestop 
UhKear, Fri Jan 29 20:35:41 +0000 2021, -78.987878, 35.141397, And y‚Äôall wonder why niggas do what they do but nvm 
KristiIA, Fri Jan 29 20:35:41 +0000 2021, -94.675094, 38.931549, @bendreyfuss https://t.co/3qQobrNywL 
cdubbs420, Fri Jan 29 20:35:41 +0000 2021, -80.219000, 26.650800, Drinking a Traditional Lager by Yuengling Brewery @ Bonefish Mac's Sports Grille ‚Äî https://t.co/vl4dMwOm6y 
AkLuna_, Fri Jan 29 20:35:41 +0000 2021, -103.233130, 25.244223, Osumecha, ust√© d√©jese caer y diga que lo aventaron ü§§ 
GrantNoland, Fri Jan 29 20:35:41 +0000 2021, -87.732013, 41.833585, @LevingeJulie @scifibird @SCPrice5 @JanPark05778117 @AlexaJaar1013 @anet2111 @ManchurianTrump @ashionegallery‚Ä¶ https://t.co/XUj5o82QO9 
NEScoutingBBall, Fri Jan 29 20:35:41 +0000 2021, -75.117998, 40.004866, A major reason I went to Temple was to see Coach Chaney on the sidelines. RIP Coach ü¶âüçí #Legend https://t.co/b2MEIVxp47 
yarimotorsport, Fri Jan 29 20:35:41 +0000 2021, -74.724323, 40.073041, @almighty_red Restrictions. 
_PrettyHalo, Fri Jan 29 20:35:42 +0000 2021, -81.620173, 31.827507, @RealMrBankshot What level are you on? 
meisenberg, Fri Jan 29 20:35:42 +0000 2021, -122.144030, 37.414371, @arielcoco @mark_goldberger üôå‚úàÔ∏èüåé 
CatOfSachse, Fri Jan 29 20:35:42 +0000 2021, -96.621634, 32.907642, https://t.co/NmYDShNPk7AMC was at 100 shares to purchase  before open and now at 1 share only. This is truly wrong 
KSJDMtv, Fri Jan 29 20:35:42 +0000 2021, -79.272570, 43.629311, $AMC LETS RIDE 
H2Omaker71, Fri Jan 29 20:35:42 +0000 2021, -77.107438, 38.785227, Out of the abundance of good in my heart I hereby declare I WILL NOT get my shovels out of the shed until Sunday #iwantallthesnow 
CR_HNLU, Fri Jan 29 20:35:42 +0000 2021, -95.446486, 29.838495, @lil_wolffff Hell yeah 
FredVegasDG, Fri Jan 29 20:35:42 +0000 2021, -79.420865, 38.003376, What do #JewishSpaceLasers sound like? It can‚Äôt just be #pewpewpew 
davehochman, Fri Jan 29 20:35:42 +0000 2021, -73.985298, 40.334041, Who doesn't like food industry predictions? https://t.co/MZiMZ0ioHq@attentionspan @glaw @Mc_Huge 
KingsCollege_PA, Fri Jan 29 20:35:42 +0000 2021, -77.604684, 41.117936, From March-December he worked hard to make sure the next gig was bigger than the last all the while continuing to s‚Ä¶ https://t.co/PqXz7zEUIi 
ChicagoColt, Fri Jan 29 20:35:42 +0000 2021, -87.442915, 41.486272, @KBowen1070 I live in Chicagoland and have been a season ticket holder since 1988.  If the roll out Foles, Dalton,‚Ä¶ https://t.co/n0VmrA6wUb 
tmj_jax_labor, Fri Jan 29 20:35:42 +0000 2021, -81.655651, 30.332184, Career tip for landing jobs like "Sit down -Forklift Operators" in Jacksonville, FL. Go on informational interviews‚Ä¶ https://t.co/HQyP3DYklB 
Estetique, Fri Jan 29 20:35:42 +0000 2021, -80.193600, 25.775100, #Estetique #rejuvemax #lipomaxrf @ Miami, Florida https://t.co/d3Poiil9z0 
sdctenor, Fri Jan 29 20:35:42 +0000 2021, -118.411907, 34.020789, #WandaMaximoff #TheVision #DarcyLewis #MonicaRambeau #WandaVision @OfficialKat @Paul_Bettany #ElizabethOlsen‚Ä¶ https://t.co/LfRBDGDt8k 
BlueMoney__, Fri Jan 29 20:35:42 +0000 2021, -89.922029, 35.133521, Mane gobbage üòÇüòÇüòÇüòÇüòÇüòÇ 
GailVinisa, Fri Jan 29 20:35:43 +0000 2021, -72.591520, 46.327540, A girl can be happy in the snow‚ùÑÔ∏è en Quebec City, Quebec https://t.co/YDJngp6Np0 
FrankFowlerSEC, Fri Jan 29 20:35:43 +0000 2021, -77.101999, 38.880845, What a week. Would love to know how many people are going to stream The Big Short this weekend. 
JobsAtInsight, Fri Jan 29 20:35:43 +0000 2021, -111.093731, 34.048928, Interested in a job in AZ? This could be a great fit: https://t.co/TG9PGsJYWO #IT 
OleTapasLounge, Fri Jan 29 20:35:43 +0000 2021, -75.712760, 39.696297, Berenjena frita.  #oletapas #oletapaslounge #tapas #eggplant #newarkdelaware #newarkde #tasteofspain‚Ä¶ https://t.co/FGf5ARJVWo 
ItsZay2x, Fri Jan 29 20:35:43 +0000 2021, -87.493356, 36.848471, @all_1k Wtf 
daninicolexoxo, Fri Jan 29 20:35:43 +0000 2021, -95.446486, 29.838495, Anyways, Pisces is still &amp; will always be the BEST sign. Argue with a Virgo. 
tmj_pdx_eng, Fri Jan 29 20:35:43 +0000 2021, -122.676482, 45.523062, Stop staring at the clock every day. It's time for a new career. Follow us to view jobs with titles like "Senior Me‚Ä¶ https://t.co/ynfZP8i8fd 
JCGM_02, Fri Jan 29 20:35:43 +0000 2021, -100.244559, 26.123250, @m0hassa sigan a @CruzAzulCD 
Cooter2533, Fri Jan 29 20:35:43 +0000 2021, -84.560904, 39.404061, @ThePhenomPlays If he tries to retire then he owes them like $20+ million of his bonus back. Also if they want to p‚Ä¶ https://t.co/MRdHDI2awf 
cewiiina, Fri Jan 29 20:35:43 +0000 2021, -118.348556, 33.995576, @thundoerfist @100T_Esports HUGE DUBS. HUGE KUDOS. CONGRATSSS 
andrewdebs41, Fri Jan 29 20:35:43 +0000 2021, -71.915768, 42.302756, Can‚Äôt wait to see all my guys that‚Äôve been working this off season eatüôèüèΩ 
Chatham253, Fri Jan 29 20:35:43 +0000 2021, -122.061771, 47.678813, https://t.co/xzqUT2vQf2 
TotalTrafficATL, Fri Jan 29 20:35:43 +0000 2021, -84.246480, 33.851150, Accident cleared in #NortheastTucker on I-285 NB after Northlake Pkwy/Exit 36 #ATLTraffic https://t.co/bABElTW6T2 
TotalTrafficDET, Fri Jan 29 20:35:43 +0000 2021, -83.032270, 42.380840, Accident, right lane blocked in #Wayne on I-94 EB at Mt Elliott St/Exit 217, stop and go traffic back to I-96/Exit‚Ä¶ https://t.co/d8vZ7Q1PIv 
TotalTrafficAUS, Fri Jan 29 20:35:43 +0000 2021, -97.670740, 30.470460, Disabled vehicle. right shoulder blocked in #Travis on I 35 NB at TX-45 #ATXtraffic https://t.co/8laei8iLor 
TotalTrafficMKE, Fri Jan 29 20:35:43 +0000 2021, -87.905100, 43.015910, Winter storm warning in Milwaukee Area Weather #traffic https://t.co/nohdC1mdJZ 
tmj_pediatrics, Fri Jan 29 20:35:43 +0000 2021, -123.922639, 45.993164, Providence is hiring in #Seaside, OR! Read about our latest #Pediatrics job opening via the link in our bio: Pediat‚Ä¶ https://t.co/au92epMwmc 
tmj_den_pharm, Fri Jan 29 20:35:43 +0000 2021, -104.772331, 39.513494, Click the link in our bio to see currently open Pharmacy Technician - Retail Store jobs like "Pharmacy Technician -‚Ä¶ https://t.co/U32eASd7Q7 
TotalTrafficDC, Fri Jan 29 20:35:43 +0000 2021, -77.221160, 38.879680, Accident, right lane blocked in #Merrifield on The Beltway Outer Loop at I-66 [Exit 49], jammed back to VA-267 / Du‚Ä¶ https://t.co/lclcnbF9Fp 
TotalTrafficNYC, Fri Jan 29 20:35:43 +0000 2021, -73.486920, 40.795050, Accident, left lane blocked in #Plainview on Northern State Pkwy EB at The Seaford/Oyster Bay Expwy/Rt-135/X36, sto‚Ä¶ https://t.co/QTEmLcvaoO 
AllynPaul, Fri Jan 29 20:35:43 +0000 2021, -82.573675, 27.473975, @allenhanson19 All good bro. I do recommend you get a battery sprayer.  Milo can go down every 4-5 weeks.  Nitrogen‚Ä¶ https://t.co/opCrBUfdZe 
tylerwdwyer, Fri Jan 29 20:35:43 +0000 2021, -111.931711, 34.168253, $AMC $GME https://t.co/2eIIwVtUKU 
probably_ally, Fri Jan 29 20:35:43 +0000 2021, -82.985772, 39.994684, Just bought the black blushing ghost beanieüñ§ü•∞ Sooo excitedüëè 
PiersonFode, Fri Jan 29 20:35:43 +0000 2021, -118.411907, 34.020789, Hold the line! #AMC #GME! 
toxic_took, Fri Jan 29 20:35:44 +0000 2021, -76.620482, 39.284713, My Bigo hosting Audition tomorrow!! Idk why i feel like I‚Äôm going on a damn interview. And I Hate Interviews lol 
jaraymer3, Fri Jan 29 20:35:44 +0000 2021, -84.866350, 35.193336, #2‚ù§üèÄ So proud of her, I can't wait to see where her future takes her. @WCES_Cherokees https://t.co/0mnbyfexP1 
cassiidior, Fri Jan 29 20:35:44 +0000 2021, -84.315070, 33.874544, When you really know someone everything they put on social media is just hilarious cause the CAP is real 
AxisOfPraxis, Fri Jan 29 20:35:44 +0000 2021, -71.112377, 42.378197, @Histhisthist @CaucasianJames Oops all gums as soon as the agricultural rev hit though 
TotalTrafficPHL, Fri Jan 29 20:35:44 +0000 2021, -75.068120, 40.008970, Disabled vehicle cleared in #Philadelphia on I-95 NB at Brg St/Exit 27, stopped traffic back to Betsy Ross Brg/Exit‚Ä¶ https://t.co/5ypHnIPbAr 
DwightMorrisey, Fri Jan 29 20:35:44 +0000 2021, -77.960181, 35.382522, @funder @AOC Alone with Lindsay Graham 
djyoungvenom, Fri Jan 29 20:35:44 +0000 2021, -90.158017, 32.230987, @krystalgemmuse https://t.co/dcARrbZpOm 
AndyBaryer, Fri Jan 29 20:35:44 +0000 2021, -122.818486, 49.111519, @Robbie_J @netflix @EpsonCanada That's where I got the inspiration from, used that Ikea shelf design but made a cus‚Ä¶ https://t.co/X3YzpksxYW 
LaurenMRosen, Fri Jan 29 20:35:44 +0000 2021, -75.117998, 40.004866, .@tobias31 #NBAAllStar https://t.co/KeAsYzwccQ 
monextdoor, Fri Jan 29 20:35:45 +0000 2021, -100.076888, 31.168893, I just hop on the hentai 
fcastillob, Fri Jan 29 20:35:45 +0000 2021, -100.366033, 25.650287, @ealphand buena foto 
bmitchell32191, Fri Jan 29 20:35:45 +0000 2021, -119.306608, 37.269176, @jessiprincey Is she for real?! 
vrmarchesani, Fri Jan 29 20:35:45 +0000 2021, -77.176680, 38.776676, I caught myself caring for a second .. lemme stop 
GrannyCarrie, Fri Jan 29 20:35:45 +0000 2021, -85.026365, 32.438372, May I correct youand say, there should not HAVE to be permanent fencing? Unfortunately, at the present time it is‚Ä¶ https://t.co/TndwT36Saz 
TotalTrafficPOR, Fri Jan 29 20:35:45 +0000 2021, -122.510200, 45.542700, Disabled vehicle, left lane blocked in #Portland on I-84 EB at NE 148th Ave, stopped traffic back to I-84/US-30/I-2‚Ä¶ https://t.co/KoUr0OiFwl 
Marquiste25, Fri Jan 29 20:35:45 +0000 2021, -87.732013, 41.833585, #WandaVision 
jvvnnyy, Fri Jan 29 20:35:45 +0000 2021, -118.411907, 34.020789, new header üö® 
GreenBayGeorge, Fri Jan 29 20:35:45 +0000 2021, -118.136676, 34.085597, I want this dudes job 
rumrot2, Fri Jan 29 20:35:45 +0000 2021, -76.835227, 39.981749, @DeReus64 Come on it didn't hurt that much 
xhcmrxx, Fri Jan 29 20:35:46 +0000 2021, -122.330602, 47.614817, @123xjohn Gracias mil mi Jhonis. Te quiero much√≠simo. Eres en mejor!! Por siempre!! https://t.co/vVysRXkWqe 
BillyGomila, Fri Jan 29 20:35:46 +0000 2021, -91.003814, 30.403719, I am certainly tearing things trying to hold myself in 
djjacks1025, Fri Jan 29 20:35:46 +0000 2021, -87.732013, 41.833585, @IvyKnowlesPark See nah wtf 
NikkiWZPL, Fri Jan 29 20:35:46 +0000 2021, -86.383248, 39.856367, @Liz_Atchley @wzpl @HelperToni @jennalynne2 I remember this script! lol 
johnswagjohnson, Fri Jan 29 20:35:46 +0000 2021, -76.620482, 39.284713, Nothing comfier than pajama pants with a hole in the crotch 
TheMcFaddenShow, Fri Jan 29 20:35:46 +0000 2021, -81.367773, 28.501678, #LightShowOrlando ü§ûüèæüî•üòèFeeling Generous so ladies y‚Äôall free with an RSVP before 11:30pmüëÄüòèTickets Dropping at 6p‚Ä¶ https://t.co/dZUwczxmDv 
TeamGuido, Fri Jan 29 20:35:47 +0000 2021, -157.799589, 21.319944, @NicoleJGeorges @gaymazingrace ‚ù§Ô∏è ...why we do interviews! Not for us, for the audience of those who may need to he‚Ä¶ https://t.co/UaQK9jadwP 
Ricardo48444725, Fri Jan 29 20:35:47 +0000 2021, -118.411907, 34.020789, @ESPNLosAngeles @VeniceMase @LAIreland Give this man his own show already.! 
AbruptObie, Fri Jan 29 20:35:46 +0000 2021, -76.883920, 38.849166, @shoppers @Ecolab @ServSafe I'm pretty sure this isn't considered food safe. https://t.co/b1Intk3VBf 
ItahizaT, Fri Jan 29 20:35:47 +0000 2021, -87.891311, 43.387360, #targetlab what an amazing last 3 days!!!! Target Lab was such an amazing experience this year!!!! #proud‚Ä¶ https://t.co/F8ClPk3VS1 
hammnopork, Fri Jan 29 20:35:47 +0000 2021, -84.355208, 33.617857, Where Shoe customizer at ? 
SandeeGertz, Fri Jan 29 20:35:47 +0000 2021, -86.791549, 36.200008, If you missed today‚Äôs #litlunch and want to experience the real #Nashville at ground zero, go to my IGTV at‚Ä¶ https://t.co/APp21oF5JQ 
Mason_Stensrud, Fri Jan 29 20:35:47 +0000 2021, -92.164474, 44.164628, @All_Things_Mavs I appreciate it I watched the vid Just gotta be Patiences With everything we can do It Go Mavs 
louiseshaney1, Fri Jan 29 20:35:47 +0000 2021, -92.342322, 34.721886, @kylegriffin1 Will there ever be any consequences? 
CoyoteDoors, Fri Jan 29 20:35:47 +0000 2021, -111.880874, 33.282450, Broken garage door spring?  That‚Äôs our specialty!  They come in so many sizes.  Give us a call for a free quote! 4‚Ä¶ https://t.co/2UhIQAfWbm 
NCStateHockey, Fri Jan 29 20:35:47 +0000 2021, -78.657837, 35.843981, Sooo who wants tonight‚Äôs stream link? 
DMarie_SC, Fri Jan 29 20:35:47 +0000 2021, -80.926628, 33.631140, @JBachtell It‚Äôs not. That‚Äôs the mind blowing part. 
CMGSOS, Fri Jan 29 20:35:47 +0000 2021, -118.411907, 34.020789, @yonthedime https://t.co/hrFcsXZiVR 
JeffHickman19, Fri Jan 29 20:35:47 +0000 2021, -83.804475, 27.698682, Wowwwww!! A very, very sad day for the @TempleUniv community! üòî 
Nixonsflow, Fri Jan 29 20:35:48 +0000 2021, -81.332294, 28.757486, Starting next month , it‚Äôs on ü§òüèæ 
TTLadyLuscious, Fri Jan 29 20:35:48 +0000 2021, -84.433106, 33.767195, @ImJstash I‚Äôm guessing things didn‚Äôt workout üôÉüòà 
JONNYescribe, Fri Jan 29 20:35:48 +0000 2021, -98.540651, 29.417501, this is actually great advice bc now I can sleep well knowing none of my family will realize I know Spanish cuss wo‚Ä¶ https://t.co/WWeNRcL9es 
EnderSSB, Fri Jan 29 20:35:48 +0000 2021, -121.716454, 37.931388, @_Giroh Wanda vision is very cool... but it the 7 mins of credits hurt my soul. I just want a 33 min episode why do‚Ä¶ https://t.co/ei4Wi0f56G 
HoeItsRoCuervo, Fri Jan 29 20:35:48 +0000 2021, -79.420865, 38.003376, Face card good too . 
CuretAdam, Fri Jan 29 20:35:48 +0000 2021, -91.090800, 30.459100, siegen lane is a stain of American suburbanization 
VThack, Fri Jan 29 20:35:48 +0000 2021, -73.968542, 40.780709, @seyiakinruntan @MSNBC Get some help. You're an oversensitive punk bitch 
bigio_m, Fri Jan 29 20:35:48 +0000 2021, -80.294893, 26.156619, @DaniellaCarlisi I don't know the answer for sure. It would be interesting to hear from an expert. But I think it w‚Ä¶ https://t.co/H2BJHE60wf 
LazyN_Athletic, Fri Jan 29 20:35:48 +0000 2021, -86.611411, 34.706027, ü§£ü§£ 
NorthShorePawn, Fri Jan 29 20:35:49 +0000 2021, -123.077760, 49.312280, 25% OFF SALE OF ALL GAMES!!END OF THE MONTH SALE ON TILL SUNDAY JANUARY 31ST!! @ North Shore Pawn Shop https://t.co/j3NPxtr1aS 
SSHobbs, Fri Jan 29 20:35:49 +0000 2021, -75.386460, 39.145024, @GoodBuddyKIRK @MysterySolvent If you can dodge a wrench.... 
Phrxh_Lorenzo, Fri Jan 29 20:35:49 +0000 2021, -79.420865, 38.003376, Ahhh so you hip!That shxt fuego 
shvw_4x, Fri Jan 29 20:35:49 +0000 2021, -97.432425, 27.737151, @kee_katricee on it today !!!! ü§£ü§£ 
bceesc, Fri Jan 29 20:35:49 +0000 2021, -121.955229, 37.280837, And he did it and I‚Äôm so grateful for it ü§ûüèªüíõ 
SMUMustangAlum, Fri Jan 29 20:35:49 +0000 2021, -96.761753, 32.819858, ‚Äú[A]sking ‚Äòwhy‚Äô is a secret weapon that leads to the liberation of the spirit for people born not on third base but‚Ä¶ https://t.co/fMLTozBqE9 
Ken10beats, Fri Jan 29 20:35:49 +0000 2021, -75.117998, 40.004866, This video made me cry as a kid. Lol 
DorkyMom81, Fri Jan 29 20:35:49 +0000 2021, -98.540651, 29.417501, I‚Äôve tried these @CoronaBeers #CoronaRefresca and they are delicious I don‚Äôt like the #coronaseltzer those are nast‚Ä¶ https://t.co/xo1FPUeLCS 
JRobinson19, Fri Jan 29 20:35:49 +0000 2021, -85.978600, 35.830522, @ClarkLeaYo @Parlays4DaysPod Me either. 
matt_oSwell, Fri Jan 29 20:35:49 +0000 2021, -120.882482, 47.273022, @BrandiKruse If anyone wonders why ppl believe in rampant government corruption and conspiracies look no further..... 
cactvsdick, Fri Jan 29 20:35:49 +0000 2021, -86.270540, 45.001180, i want to die so bad 
moloney_brian, Fri Jan 29 20:35:50 +0000 2021, -80.122619, 26.721896, @Outkick Does John Calipari have an alibi? 
CedrikChavez, Fri Jan 29 20:35:50 +0000 2021, -97.813645, 30.505958, @DCruz_Riel @AustinFC Thank you! 
PoppethThyKing, Fri Jan 29 20:35:50 +0000 2021, -73.849441, 40.850347, Probably why it‚Äôs called that 
SandyCoro, Fri Jan 29 20:35:50 +0000 2021, -117.067861, 32.807304, Thunder! Hail! In Allied Gardens ü§ç https://t.co/xBj9Q2BFtU 
WavyMcGrady_, Fri Jan 29 20:35:50 +0000 2021, -95.275990, 29.424824, @GwenNoStefani I‚Äôm jamming but my ears bleeding lmao 
Robdrapeau, Fri Jan 29 20:35:50 +0000 2021, -76.082393, 45.087381, @BridsonMaryKate What time and for how long. Do I provide the book or do you? 
kirbalicious4, Fri Jan 29 20:35:50 +0000 2021, -73.705941, 41.606040, @RepLizCheney So sorry about Gaetz. You will prevail. 
cefilby, Fri Jan 29 20:35:50 +0000 2021, -77.236969, 38.805115, @bhweingarten @LisaMarieBoothe She needs to resign  now! 
BringBackTheBuz, Fri Jan 29 20:35:50 +0000 2021, -80.846785, 35.209059, @vTdizz @ChinnJeremy2 Mike Davis is literally the best Panther of all-time 
sherrycarter31, Fri Jan 29 20:35:50 +0000 2021, -91.895425, 35.071306, Love thisüëáüèª 
SportsandRving, Fri Jan 29 20:35:50 +0000 2021, -82.331272, 28.299370, @Sal_Caliente @FrankMatowitz @TB_Times I live baseball. Major, preseason &amp; especially minor. (Talked already about‚Ä¶ https://t.co/CRnhD5YPle 
foundationbcps, Fri Jan 29 20:35:50 +0000 2021, -76.615181, 39.396352, Pleased to be able to support the @BCPS_AVID program with the supplies/resources to deliver instruction.Consider r‚Ä¶ https://t.co/QmDum9UyG8 
SianiChevelle, Fri Jan 29 20:35:51 +0000 2021, -75.117998, 40.004866, i can get whatever depending on my tone and the way i phrase it...even if i don‚Äôt want anything i be doing it just bc i know it works üò≠ 
KamyszekMichael, Fri Jan 29 20:35:51 +0000 2021, -83.013673, 42.808692, @BelovedLeena @ThatEricAlper @YouTube What's funny is I looked it up right after I said that, and I see its back up‚Ä¶ https://t.co/EK4We16eDE 
KevinPa93381539, Fri Jan 29 20:35:51 +0000 2021, -80.294893, 26.156619, ‚ÄúI woke today, like any other day except a voice was in my head. It said, ‚ÄòSeize the day, pull the trigger drop the‚Ä¶ https://t.co/XI87wwGCm4 
nycsonny, Fri Jan 29 20:35:51 +0000 2021, -73.831187, 40.670879, women buss it &amp; silhouette challenge their way to 10k followers easy we need to do better fellas 
horrorfemme, Fri Jan 29 20:35:51 +0000 2021, -79.420865, 38.003376, @Nicky36 @inthefade There was one at the mall! 
RichNeedsCoffee, Fri Jan 29 20:35:51 +0000 2021, -86.611411, 34.706027, TIL there was a wild conspiracy theory out there that put @GretaThunberg inside the Capitol. üôÑü§£ü§£ü§£ü§£https://t.co/BFzj7bZ0Mi 
ChristianDeane, Fri Jan 29 20:35:51 +0000 2021, -110.044783, 46.679800, Robinhood won‚Äôt let me use my buying power to buy more #DOGE https://t.co/vIFAwx2OSK 
gilberton_el, Fri Jan 29 20:35:51 +0000 2021, -96.602142, 32.774938, @mejiaantonio731 Es un obvio problema, enorme, fuera de control, de desbalance hormonal. La progesterona anda por l‚Ä¶ https://t.co/6qOKPyZh4A 
_ItsMartin_, Fri Jan 29 20:35:51 +0000 2021, -118.187336, 33.988345, @UglyManeGus_ I got the best spots Ngl 
novacanegoddess, Fri Jan 29 20:35:51 +0000 2021, -84.286468, 33.802810, Taurus men are psychos tho 
apawlh, Fri Jan 29 20:35:52 +0000 2021, -71.026774, 42.084567, @rebelpoetess_ @girlsreallyrule Thousands of people marched with King. People who worked with King they have never‚Ä¶ https://t.co/09x9rWJ3VF 
NNJohnsonEdD, Fri Jan 29 20:35:52 +0000 2021, -84.433106, 33.767195, @NYPDShea @ChiefOdom @NYPD105Pct @NYPDnews @NYPDChiefPatrol @NYPDDetectives @NYPDCommPartner @NYPDPersonnel‚Ä¶ https://t.co/scYHutkNQF 
Rocky1766, Fri Jan 29 20:35:52 +0000 2021, -80.816847, 27.230314, @blockmebaby369 Good times 
DreyCourvoisier, Fri Jan 29 20:35:52 +0000 2021, -157.799589, 21.319944, I'm telling y'all if you hit the blunt as soon as you reach your point of orgasm, you can literally feel all negati‚Ä¶ https://t.co/gflOzh0Owy 
brettpmusic, Fri Jan 29 20:35:52 +0000 2021, -97.781768, 32.752860, Thanks so much!!! 
Luna94883928, Fri Jan 29 20:35:52 +0000 2021, -84.433106, 33.767195, At the High museum https://t.co/EH5gj4y7CG 
volvoshine, Fri Jan 29 20:35:52 +0000 2021, -80.233328, 25.782353, @LAURARODRlGUEZ https://t.co/AlyMgfGLGO 
soulrebelwill, Fri Jan 29 20:35:52 +0000 2021, -89.765519, 30.297863, Friends who trade together - get paid together. Click my link to download the dough app and we'll both get a free s‚Ä¶ https://t.co/MtCXl0un4a 
OrdellVee, Fri Jan 29 20:35:52 +0000 2021, -93.361321, 46.441861, China bans single-use plastic straws and shopping bags https://t.co/vO5QCLZNWG via @NationofChange 
joechaplain, Fri Jan 29 20:35:52 +0000 2021, -115.931389, 34.151111, üé∂ on the road again üêæ #dogsofinstagram @ Wonder Valley, California https://t.co/cPtALEScPX 
MirandaWeissman, Fri Jan 29 20:35:53 +0000 2021, -117.782360, 33.689732, @Mollei_conyer @haileymartz @Victorkenzz I‚Äôm so happy it‚Äôs so close 
tmj_WAT_it, Fri Jan 29 20:35:53 +0000 2021, -122.335620, 47.580237, Looking to score a job at Starbucks? You're in luck. Click the link in our bio for the job description and informat‚Ä¶ https://t.co/YURwOLjJif 
tmj_WA_transp, Fri Jan 29 20:35:53 +0000 2021, -122.219268, 47.294516, Ryder is hiring in #Auburn, WA! Read about our latest #Transportation job opening via the link in our bio: Furniture Repair Technician 
CoachRaul18, Fri Jan 29 20:35:53 +0000 2021, -82.442694, 27.996595, @ZycarlLewisJr @cheetah @PatrickMahomes @tkelce @IAm_Wilder32  and @Tyms2Times you think this is possible?? ü§∑üèΩ‚Äç‚ôÇÔ∏è 
MISTERCKR, Fri Jan 29 20:35:53 +0000 2021, -118.411907, 34.020789, @RonenRubinstein @oliverstarkk Whats going onnnnnnnn  heheh https://t.co/me6zHMcxhT 
BrandonGBlake, Fri Jan 29 20:35:53 +0000 2021, -87.308727, 30.462642, And after you read it if you take nothing else, take this portion of the article and heed the words. https://t.co/pF3HfKbQPh 
DerekJamesNBA, Fri Jan 29 20:35:53 +0000 2021, -122.555403, 45.432668, Layne Staley lyrics are fitting of the Timberwolves following experience. 
caejosecia, Fri Jan 29 20:35:53 +0000 2021, -79.272570, 43.629311, oh you love this op sm it makes you look dumb @caejosecia https://t.co/bfFg8DI4C5 
glenjamn, Fri Jan 29 20:35:53 +0000 2021, -118.244500, 34.056400, ü¶Üüåß‚òîÔ∏è‚õàüê≠ WET‚Ñ¢Ô∏è üê≠‚õà‚òîÔ∏èüå¶ü¶Ü @ Los Angeles, California https://t.co/jPa3vX0tRe 
KevinRose_LCHS, Fri Jan 29 20:35:53 +0000 2021, -86.561642, 35.147732, LCHS Falcon Football NIKE Team Store will go live February 8!  I will send out the Link so ALL Falcon Players and F‚Ä¶ https://t.co/ddS5yP2ZjV 
GPHaeffner, Fri Jan 29 20:35:53 +0000 2021, -75.117998, 40.004866, HEY KEVKEV @GOPLeader DO UR FUCKING JOB &amp; KICK OUT THE RACIST VIOLENT LUNATIC TANGIBLE THREAT @mtgreenee DO UR JOB‚Ä¶ https://t.co/vvuGDllZ2E 
jakkoerner, Fri Jan 29 20:35:54 +0000 2021, -111.917026, 40.765805, The Time of My Life (From "Dirty Dancing" Soundtrack) by Bill Medley &amp; Jennifer Warnes on @PandoraMusic https://t.co/TADnQbYUgk 
IgnisTwote, Fri Jan 29 20:35:54 +0000 2021, -118.325145, 34.182160, @Reluctantbutter @ScottStenholm @NedFromTV Get like a million people to @ @disneyplus until some poor social media‚Ä¶ https://t.co/odHHUVbv5W 
MRiggs1991, Fri Jan 29 20:35:54 +0000 2021, -80.926628, 33.631140, For You formed my inward parts; You covered me in my mother‚Äôs womb. I will praise You, for I am fearfully and wonde‚Ä¶ https://t.co/cxkdDc1Wza 
Cutt_ThaCheck, Fri Jan 29 20:35:54 +0000 2021, -80.144175, 26.633710, Wow i shed a lot of tears this year and it‚Äôs only January üò© 
PhillySpecialSB, Fri Jan 29 20:35:54 +0000 2021, -74.612245, 39.389770, https://t.co/bbewsARPwY 
SniperxBae, Fri Jan 29 20:35:54 +0000 2021, -75.050086, 39.960243, let me take you to ecstasy üòå 
vicahmann, Fri Jan 29 20:35:54 +0000 2021, -82.669467, 40.365160, women only think about one thing, it‚Äôs sad üò™ 
mcrumbo, Fri Jan 29 20:35:54 +0000 2021, -86.145320, 39.583039, @goodreads #amreading Death in the Stacks @JennMcKinlay I won this @greenwoodpublib prize in the Winter Reading program 
JMichaelFoto, Fri Jan 29 20:35:55 +0000 2021, -114.143262, 45.494552, @Smith1226Peter John Hicks, who I got to see live in the mid '80s. He was brilliant, harsh and so funny. Really wis‚Ä¶ https://t.co/bc792x46gb 
lddemosthenes, Fri Jan 29 20:35:55 +0000 2021, -82.422508, 34.813459, Well done STARS! 
KenRoseberry1, Fri Jan 29 20:35:55 +0000 2021, -166.599693, 23.691364, @barstoolsports 
devinpall, Fri Jan 29 20:35:55 +0000 2021, -82.096405, 39.320384, Any of y‚Äôall got plans Feb 14th? 
LLGM5, Fri Jan 29 20:35:55 +0000 2021, -72.680966, 41.765617, RIP coach Chaney. üôèüèæ As a @TempleOwls Alumn, I am proud to say that I was able to see him coach and mentor young bl‚Ä¶ https://t.co/STw67BK1Il 
Vianey_Palma, Fri Jan 29 20:35:55 +0000 2021, -98.114270, 26.187182, Nunca hab√≠a tenido miedo de morir... Hasta que me convert√≠ en mam√°. 
itsdaffsworld, Fri Jan 29 20:35:55 +0000 2021, -75.117998, 40.004866, Ok now what am I going to wear for @JadoreSiwoh #BeautyBrunch üôÉ 
LLGM5, Fri Jan 29 20:35:55 +0000 2021, -72.680966, 41.765617, Ultimately ‚ÄúCoach‚Äù will always be a legend. Sleep well üôèüèæ #TUMF 
deliaroma8, Fri Jan 29 20:35:55 +0000 2021, -97.978221, 30.355857, Don‚Äôt you think that would be too scary??? 
ReemAfterDark, Fri Jan 29 20:35:55 +0000 2021, -74.006400, 40.714200, Just posted a photo @ New York, New York https://t.co/m2ngCOqYxa 
MrGoldenSports, Fri Jan 29 20:35:55 +0000 2021, -79.861034, 35.170499, @SnowTheGawd @Bgfam56 Sounds like this gunna be a headache. How long it take you to beat if you did? 
SiennaNaturals, Fri Jan 29 20:35:56 +0000 2021, -118.411907, 34.020789, @taraebk Glad you like it! ü•∞ü§éü§é 
T_Hous, Fri Jan 29 20:35:55 +0000 2021, -97.357620, 35.470364, Day 8Baby Bottle Pop (Jonas Brothers) Circa 2007 https://t.co/jaQSJkwjcP 
SS_PRHYME, Fri Jan 29 20:35:56 +0000 2021, -122.435979, 37.770657, Purple Rain 
NYX0NLIN3, Fri Jan 29 20:35:56 +0000 2021, -86.672082, 33.529977, Foundations all so they don‚Äôt look too pale which can a lot of times = lower middle/working class. My mom, brother,‚Ä¶ https://t.co/Z1w7BGQxJq 
ItsCoreyBlack, Fri Jan 29 20:35:56 +0000 2021, -115.223125, 36.232915, @HeStillCold Chaos. Absolute chaos. 
SKSGB61, Fri Jan 29 20:35:56 +0000 2021, -111.032309, 32.342708, @su_brompton Her Majesty knows how to play chess Megan only knows how to play Checkers her Majesty will mop her up 
PardonMyAURA, Fri Jan 29 20:35:56 +0000 2021, -73.948775, 40.655138, ü•∫ I love this song 
AnnetteQLoves, Fri Jan 29 20:35:56 +0000 2021, -80.087032, 42.110703, @KyubiTweet @MamaCottonChan She forgot to feed the cats 
M_cope1991, Fri Jan 29 20:35:56 +0000 2021, -100.076888, 31.168893, @100Thieves Announce @KaleiRenay and @AverageJoeWo 
kaira_simmons, Fri Jan 29 20:35:56 +0000 2021, -81.367773, 28.501678, Somebody come over and watch hunger games with me üòÖ 
drozaayy, Fri Jan 29 20:35:57 +0000 2021, -76.362276, 37.050897, When i home by myself I can clean up in 45mins, when otha ppl here take me bout 3 hours üòÇ cs you in my way 
ThaReal_Ceo, Fri Jan 29 20:35:57 +0000 2021, -76.355918, 36.841764, If it‚Äôs not me I‚Äôm a lock to get a good laugh off of somebody I‚Äôm around EVERYDAY 
sierracallwood, Fri Jan 29 20:35:57 +0000 2021, -80.162128, 25.985174, @ebonytheory I also enjoyed ASL 
_elijahgrant_, Fri Jan 29 20:35:57 +0000 2021, -84.853542, 38.187468, Wifi so trash.. 
Chet_Beebe, Fri Jan 29 20:35:57 +0000 2021, -116.238001, 43.598033, The more you know. 
JCGM_02, Fri Jan 29 20:35:57 +0000 2021, -100.244559, 26.123250, @vip_tahya74 @m0hassa sigan a @CruzAzulCD 
_NEweather, Fri Jan 29 20:35:57 +0000 2021, -74.315005, 40.569527, SREF Plume viewer is going aggressive. With a mean of almost 12. I like a good 6-12. (METRONJ/NYC). https://t.co/LuCS4DMbpz 
almighty_red, Fri Jan 29 20:35:57 +0000 2021, -73.948775, 40.655138, down 30% looks very pump and dump to me. 
SaimaMartinez, Fri Jan 29 20:35:57 +0000 2021, -116.516513, 33.954588, I hate being a first time generation college student.. I‚Äôm always struggling or crying... 
notHxlt, Fri Jan 29 20:35:57 +0000 2021, -82.669467, 40.365160, i think i‚Äôm in love with april ludgate 
PoundingPanda, Fri Jan 29 20:35:57 +0000 2021, -83.173867, 32.678207, @CaptivatingCory Mmmmmmmm 
511nyAlbany, Fri Jan 29 20:35:58 +0000 2021, -73.830795, 42.706394, Cleared: Incident on #I87Northway NB at Exit 2E; NY 5 eastbound; Wolf Road 
511NY, Fri Jan 29 20:35:58 +0000 2021, -74.249894, 40.186132, Cleared: Incident on #US9 SB at West Farm Rd 
511NY, Fri Jan 29 20:35:58 +0000 2021, -73.830795, 42.706394, Cleared: Incident on #I87Northway NB at Exit 2E; NY 5 eastbound; Wolf Road 
KayeJeye, Fri Jan 29 20:35:58 +0000 2021, -81.375800, 40.805000, Thank You...Heaven's Gain @ Heaven https://t.co/zcerVzHdqc 
511NY, Fri Jan 29 20:35:58 +0000 2021, -73.782209, 42.739003, Incident on #I87Northway NB at Exit 5; NY 155 https://t.co/rvak03fLoP 
Blackhawks4, Fri Jan 29 20:35:58 +0000 2021, -89.266508, 39.739300, @AskRobinhood I‚Äôm trying to buy #AMC and it‚Äôs not allowing me to? I thought this was a #freemarket  @AOC 
511nyAlbany, Fri Jan 29 20:35:58 +0000 2021, -73.782209, 42.739003, Incident on #I87Northway NB at Exit 5; NY 155 https://t.co/rVqyNWY0co 
AlvinBTilleryJr, Fri Jan 29 20:35:58 +0000 2021, -87.699196, 42.045437, The luck has been all mine, friends! Thanks for being such tremendous partners! #GoCats #NoBackRow 
JasmineDaFlower, Fri Jan 29 20:35:58 +0000 2021, -83.739300, 42.274500, ùöèùöõùöíùöçùöäùö¢ ùöõùöéùöñùöíùöóùöçùöéùöõ: you are strong enough to conquer it all, even if it doesn‚Äôt feel like it right now‚Äî be the energy‚Ä¶ https://t.co/qVDVLCKZHb 
hskyfn, Fri Jan 29 20:35:58 +0000 2021, -120.882482, 47.273022, Listen and Beware of this 
TreySchaetzer13, Fri Jan 29 20:35:58 +0000 2021, -80.093180, 26.456148, bro I feel his pain. I can only imagine this happening in a tournament üòÇ 
BryanJBradford, Fri Jan 29 20:35:58 +0000 2021, -93.262046, 44.970610, @ronharrismn How long you think we‚Äôll remain interested?? üòä 
DrWrong68, Fri Jan 29 20:35:58 +0000 2021, -75.770041, 42.746617, With that swap we will still be complaining about inconsistency on defense this team may need another voice at coac‚Ä¶ https://t.co/b4u81BnVJV 
blappery, Fri Jan 29 20:35:58 +0000 2021, -121.280423, 38.579524, Some wings and salad sound bomb 
yaboypin, Fri Jan 29 20:35:58 +0000 2021, -74.282445, 39.736875, imagine how all these hedge funds feel with us ‚Äúuneducated‚Äù people outsmarting the crooked fucks at their own game. 
TradeWithNinja, Fri Jan 29 20:35:58 +0000 2021, -73.916991, 41.693233, $SPY 373.47 key 
jennifer_jburke, Fri Jan 29 20:35:59 +0000 2021, -75.375723, 39.899312, @bethanyshondark @SethAMandel This little guy is so darn cute. 
PlouffeLeo, Fri Jan 29 20:35:59 +0000 2021, -71.326858, 42.636248, @tizzywoman @56blackcat Amen. 
IWashington, Fri Jan 29 20:35:59 +0000 2021, -118.411907, 34.020789, @realawaters #MySleeptweet This kind a ‚Äútough talk‚Äù here on Twatter does nothing, but get you banned. Talk is cheap‚Ä¶ https://t.co/C3Iz5GbYPI 
staceyhopkinsga, Fri Jan 29 20:35:59 +0000 2021, -84.433106, 33.767195, @stephsings1 If they want these kids back in school, yes. Anc the students need to be vaccinated and most important‚Ä¶ https://t.co/pTMI2XqLbq 
esonefilms, Fri Jan 29 20:35:59 +0000 2021, -73.967500, 40.777900, Hi Everyone,I'm at it again. I'm still having fun poster ideas. Let me know which one you like best. Thank you.‚Ä¶ https://t.co/NnQipJOZGq 
KSJDMtv, Fri Jan 29 20:36:00 +0000 2021, -79.272570, 43.629311, @n0xx_tv @WSBChairman $AMC #AMC 
babydolph2000, Fri Jan 29 20:36:00 +0000 2021, -73.589324, 45.345478, @VancityJax @Chipotle https://t.co/aC1MRrJ3xO 
LawDaddy239, Fri Jan 29 20:36:00 +0000 2021, -83.804475, 27.698682, Phone call using Airpods when the amber alert came thru and demolished my ear drums üò≠üéß 
WinstonDeGres, Fri Jan 29 20:36:00 +0000 2021, -75.800141, 45.248791, https://t.co/ddB5hGqWPv 
MJ24Slayer, Fri Jan 29 20:36:00 +0000 2021, -84.151150, 33.442425, @dreamsimcomin4u Well thanks ‚ò∫Ô∏è‚ò∫Ô∏è https://t.co/VxuoT2l661 
itsMrSantana, Fri Jan 29 20:36:00 +0000 2021, -71.421832, 41.817084, This man different üî• 
MaryFor96966802, Fri Jan 29 20:36:00 +0000 2021, -86.752085, 37.946367, @cjfaison I'll be waiting with bells on lol. I'll make sure to have my drink and pop corn all ready @cjfaison 
LLDaRealist, Fri Jan 29 20:36:00 +0000 2021, -86.611411, 34.706027, Yes I challenge @_dianajanay @justmadig 
notmarkwalsh, Fri Jan 29 20:36:00 +0000 2021, -77.604684, 41.117936, @MLB @MLBPipeline Cubs threw out the team for 3 top 100 great 
SirSethamus, Fri Jan 29 20:36:00 +0000 2021, -87.967292, 43.056722, https://t.co/4D5ZIXl4bq 
baileyedwards92, Fri Jan 29 20:36:00 +0000 2021, -91.401008, 30.937336, I would‚Äôve moved away eons ago if I didn‚Äôt want to watch my babies grow up. Kingston will have to visit me , but my‚Ä¶ https://t.co/TeugQxoiYU 
LouisaMoscow, Fri Jan 29 20:36:01 +0000 2021, -82.513770, 27.323400, Spirit Day at school today - introducing the future Dr. Moscow! A huge thanks to all of our essential workers durin‚Ä¶ https://t.co/vQQjYk5Fo2 
missbellamartin, Fri Jan 29 20:36:01 +0000 2021, -97.754724, 30.323346, There are two types of paydays:1) when you get a pay check2) when you achieve your dreams#hardworkpaysoff 
B_Yvonne_, Fri Jan 29 20:36:01 +0000 2021, -117.320879, 33.226316, You ever been in a half good mood and half shitty mood? https://t.co/ijGTbVJ7i6 
raymundogalvan_, Fri Jan 29 20:36:01 +0000 2021, -100.293591, 25.641718, Solo les pido a @TwitterMexico  o @TwitterSeguro  que ya no me esten quitando u ocultando seguidores. Sean serios,‚Ä¶ https://t.co/z3J2Z1w0PB 
kimberlycha79, Fri Jan 29 20:36:01 +0000 2021, -115.135165, 36.060964, @AssBruiserLV I lose many battles but I always win the war 
MusicIsEuphoria, Fri Jan 29 20:36:01 +0000 2021, -77.604684, 41.117936, @gagasonion Opposite Day?? üòç 
higginsgggg, Fri Jan 29 20:36:01 +0000 2021, -117.104989, 32.810012, Please say a prayer for leslie William's A Nationally recognized Whistle blower intentionally made homeless and ext‚Ä¶ https://t.co/OeKV2Rs2Pu 
nbernard926, Fri Jan 29 20:36:01 +0000 2021, -90.201550, 29.949660, @JermyMcdope @GetRammed69 @stoolpresidente @GetRammed69 if you like the Tweet, you‚Äôre almost obligated to do it at this point 
JoshuaKissi, Fri Jan 29 20:36:01 +0000 2021, -118.411907, 34.020789, https://t.co/Q0jfvZwtbF 
wmwoodworth, Fri Jan 29 20:36:02 +0000 2021, -123.029015, 44.935084, @Cate_M_May Here for it. Those are beautiful! 
__IrvGotti, Fri Jan 29 20:36:02 +0000 2021, -84.295992, 33.775530, @evaangelic_ Same. I‚Äôm in the process now of trying to get a house 
MsKirk86, Fri Jan 29 20:36:02 +0000 2021, -92.436774, 38.304558, @mommacoffee4 @Harris_FirstGRR üôÖüèª‚Äç‚ôÄÔ∏èüôÖüèª‚Äç‚ôÄÔ∏èüôÖüèª‚Äç‚ôÄÔ∏è 
TheJmMorris, Fri Jan 29 20:36:02 +0000 2021, -86.791549, 36.200008, @chordoverstreet #GoBucs 
Dmackk11, Fri Jan 29 20:36:02 +0000 2021, -95.824553, 29.783996, @NotBohum 
_mickeyohh, Fri Jan 29 20:36:02 +0000 2021, -118.411907, 34.020789, @sofiaalim @elpescado8 Boba in Barcelona spain is trash üòÇ 
Chynna_Soleil, Fri Jan 29 20:36:02 +0000 2021, -90.011008, 29.982601, @s0psyched Halloween! 
obscuritybaby, Fri Jan 29 20:36:03 +0000 2021, -97.754724, 30.323346, listening to the awakening by kate chopin don't text 
slicKGilchrist, Fri Jan 29 20:36:03 +0000 2021, -86.244729, 32.364145, GOD doesn‚Äôt call the qualified. He qualifies the called.Now back to work... 
stevecrain901, Fri Jan 29 20:36:03 +0000 2021, -89.814879, 35.230487, @mboorstein "Judge not list ye be judged" clearly is a verse that the sister is not aware of. 
acravefordave, Fri Jan 29 20:36:03 +0000 2021, -74.245455, 40.624274, We back in Jersey, baby 
tmj_bna_transp, Fri Jan 29 20:36:03 +0000 2021, -86.781602, 36.162664, This job might be a great fit for you: Part-Time, Courier DOT/Delivery Driver, AM Shift, $17.79 Hr. -‚Ä¶ https://t.co/ipy2yZazhR 
MCampbell1041, Fri Jan 29 20:36:03 +0000 2021, -85.862216, 39.783627, @TedFL34 Sure but I can't seal my shower with a 20 lb maul. 
lillymwallace, Fri Jan 29 20:36:03 +0000 2021, -86.132449, 39.963250, how do i do this to my cats?? 
ITSDANKSINATRA, Fri Jan 29 20:36:03 +0000 2021, -122.330602, 47.614817, The fact she is a member of congress says it all... ü§¶üèø‚Äç‚ôÇÔ∏è 
ECHarveyMA, Fri Jan 29 20:36:03 +0000 2021, -106.737438, 32.342299, When you‚Äôre sorting the closet and that holey shrunken sweater still has a fan. #mydog https://t.co/supx6QOsc2 
juciycake123, Fri Jan 29 20:36:03 +0000 2021, -89.533770, 34.354670, I need a new plugüôÑ I‚Äôm tired of waiting 2+ for a text back hoe I need my üçÉüí® 
choralcat, Fri Jan 29 20:36:03 +0000 2021, -74.270599, 40.794239, I'm at West Orange - Pleasantdale Section in West Orange, NJ https://t.co/0eaXR4NasX 
BeisbolBrenden, Fri Jan 29 20:36:03 +0000 2021, -104.922093, 39.713563, According to Fangraphs, with a minimum of 400 PAs over this time period...Pollock: 34th in baseball with a 131 wR‚Ä¶ https://t.co/LjoIfENcZq 
Amiranda78, Fri Jan 29 20:36:03 +0000 2021, -85.768241, 37.822244, Can‚Äôt wait to hear this!! 2 of my favorites!! 
FNDungeonMom, Fri Jan 29 20:36:03 +0000 2021, -104.724865, 38.749673, @DropTheDie @FridayTea I hope you like it as much as I do. It's what is currently in my teapot and works just as go‚Ä¶ https://t.co/lv9uno6CWa 
tmj_sat_manuf, Fri Jan 29 20:36:03 +0000 2021, -98.407457, 29.303797, Remedy Intelligent Staffing is hiring in #SanAntonio, TX! Click the link in our bio to apply: Production Supervisor 
tmj_IND_schn, Fri Jan 29 20:36:03 +0000 2021, -86.374160, 39.612824, Have you ever had a role like "Stand Up Forklift Operator"? What did you like most about that job? #Forklift #Mooresville, IN 
Erob_tv, Fri Jan 29 20:36:03 +0000 2021, -84.433106, 33.767195, To the moon 
LISDCareers, Fri Jan 29 20:36:04 +0000 2021, -97.853069, 30.578806, See our latest #Leander, TX job and click to apply: Non-Paid University/ACP Interns - Spring 2021 - https://t.co/VbKrEa87oB #internship 
tmj_DFW_skltrd, Fri Jan 29 20:36:04 +0000 2021, -97.754755, 33.210116, Can you recommend anyone for this job in #Bridgeport, TX? https://t.co/6qKw40lDdP #SkilledTrade 
tmj_tpa_edu, Fri Jan 29 20:36:04 +0000 2021, -82.339764, 27.858576, Career tip for landing jobs like "PE Instructional Aide-Winthrop Charter School" in #Riverview, FL. Go on informati‚Ä¶ https://t.co/g9naRajDJp 
TimminsToday, Fri Jan 29 20:36:03 +0000 2021, -81.328062, 48.475934, Province to fast-track COVID-19 testing orders at airports, border crossings https://t.co/YMhs5mAUJp https://t.co/dQrSuDT27x 
ShaggyBlack, Fri Jan 29 20:36:04 +0000 2021, -97.754724, 30.323346, @the_blueprint @HomoHulk @CraigSJ He ain‚Äôt wrong... 
awwstn, Fri Jan 29 20:36:04 +0000 2021, -117.412405, 34.000125, @cyantist patiently waiting https://t.co/icIGwbSYbJ 
ChrisHohnholz, Fri Jan 29 20:36:04 +0000 2021, -119.210103, 39.600621, Oh, this will be a must listen! 
xhcmrxx, Fri Jan 29 20:36:04 +0000 2021, -122.330602, 47.614817, @andresguillen2_ Much√≠simas gracias por tus buenos deseos! Besos -Shak üòù 
RealtorSteveUSA, Fri Jan 29 20:36:03 +0000 2021, -80.240800, 27.117000, I am looking for a buyer for 7127 SE Pierre Circle #Stuart #FL  #realestate https://t.co/ClQCJ9USgN https://t.co/wzxaIGh1z6 
roseailia, Fri Jan 29 20:36:04 +0000 2021, -87.967292, 43.056722, https://t.co/rJCeMU7jVJ 
_PrettyHalo, Fri Jan 29 20:36:04 +0000 2021, -81.620173, 31.827507, This Drink Got Me A Lil Tipsy 
hecallsmePP, Fri Jan 29 20:36:04 +0000 2021, -76.620482, 39.284713, Okay so just a heads up for the free tarot readings on my curious cat, mainly to the person who just sent 3-4 back‚Ä¶ https://t.co/mm4KmPaJzF 
Sierrah_502, Fri Jan 29 20:36:04 +0000 2021, -87.732013, 41.833585, Peep the new #SoundCloudSeven Playlist!! January 2021 https://t.co/t3p6MmEPAm 
kantguardme, Fri Jan 29 20:36:04 +0000 2021, -89.922029, 35.133521, go get him!!! @Lakers 
jimby954, Fri Jan 29 20:36:04 +0000 2021, -80.149173, 26.150368, This cRacca got a mask üò∑ on with no chin ü§£ü§£üò≠ 
plasticmartyr, Fri Jan 29 20:36:04 +0000 2021, -118.411907, 34.020789, @mmpadellan Not to mention a president who is capable of loving someone other than himself. 
SteveGotSole, Fri Jan 29 20:36:04 +0000 2021, -83.173867, 32.678207, @theonlyCED Nigga slick af 
SusanOrdway, Fri Jan 29 20:36:04 +0000 2021, -122.435979, 37.770657, MTG must be stopped. She‚Äôs spreading her delusions to the vulnerable.  Like a disease. 
TREEDOGGMRATM, Fri Jan 29 20:36:05 +0000 2021, -96.712369, 32.900644, Just posted a video @ Nawfghanistan https://t.co/8Gb39yDnw0 
